strategy,h1_ema,spike_mult,hold,dir,session,regime,n,wr,pf,avg_r,oos_pf,months,tpm,m5_ema,zone_atr
SPIKE,21,3.0,12,BUY,True,counter,16,0.625,3.4968333333333326,0.9363124999999999,0.0,8,2.0,,
SPIKE,21,3.0,36,BUY,True,counter,16,0.625,3.3981666666666666,0.8993125,0.0,8,2.0,,
SPIKE,21,3.0,24,BUY,True,counter,16,0.625,3.3828333333333336,0.8935625,0.0,8,2.0,,
SPIKE,21,3.0,48,BUY,True,counter,16,0.625,3.3191666666666664,0.8696875,0.0,8,2.0,,
SPIKE,21,3.0,18,BUY,True,counter,16,0.625,3.2063333333333333,0.827375,0.0,8,2.0,,
SPIKE,14,3.0,24,BUY,False,counter,20,0.55,2.854333333333334,0.83445,0.782,8,2.5,,
SPIKE,14,3.0,36,BUY,False,counter,20,0.55,2.834888888888889,0.8257,0.782,8,2.5,,
SPIKE,14,3.0,48,BUY,False,counter,20,0.55,2.781888888888889,0.80185,0.782,8,2.5,,
SPIKE,14,3.0,12,BUY,False,counter,20,0.55,2.6865555555555556,0.7589499999999999,1.0626666666666666,8,2.5,,
SPIKE,14,3.0,18,BUY,False,counter,20,0.55,2.656777777777778,0.74555,0.9953333333333333,8,2.5,,
SPIKE,21,3.0,12,BUY,False,counter,24,0.5416666666666666,2.6233636363636363,0.7440416666666666,2.316666666666667,9,2.6666666666666665,,
SPIKE,21,3.0,36,BUY,False,counter,24,0.5416666666666666,2.5962727272727273,0.7316250000000001,1.6743333333333332,9,2.6666666666666665,,
SPIKE,21,3.0,24,BUY,False,counter,24,0.5416666666666666,2.587909090909091,0.7277916666666666,1.6743333333333332,9,2.6666666666666665,,
SPIKE,21,3.0,48,BUY,False,counter,24,0.5416666666666666,2.553181818181818,0.711875,1.6743333333333332,9,2.6666666666666665,,
SPIKE,50,3.0,48,BUY,True,counter,22,0.5454545454545454,2.5491,0.7041363636363637,2.7615,8,2.75,,
SPIKE,50,3.0,36,BUY,True,counter,22,0.5454545454545454,2.5342000000000002,0.6973636363636364,2.7615,8,2.75,,
SPIKE,21,3.0,18,BUY,False,counter,24,0.5416666666666666,2.4940909090909096,0.6847916666666668,1.8876666666666668,9,2.6666666666666665,,
SPIKE,14,3.0,24,BOTH,True,counter,17,0.5294117647058824,2.4755,0.6943529411764707,3.221,8,2.125,,
SPIKE,14,3.0,36,BOTH,True,counter,17,0.5294117647058824,2.4536249999999997,0.6840588235294118,3.386,8,2.125,,
SPIKE,50,3.0,24,BUY,True,counter,22,0.5454545454545454,2.4064,0.6392727272727273,2.7615,8,2.75,,
SPIKE,14,3.0,48,BOTH,True,counter,17,0.5294117647058824,2.394,0.656,3.2475000000000005,8,2.125,,
SPIKE,50,3.0,48,BUY,False,counter,31,0.5161290322580645,2.3909999999999996,0.6730645161290322,2.8723333333333336,9,3.4444444444444446,,
SPIKE,50,3.0,12,BUY,True,counter,22,0.5454545454545454,2.390199999999999,0.6319090909090908,3.725,8,2.75,,
SPIKE,50,3.0,36,BUY,False,counter,31,0.5161290322580645,2.356266666666667,0.6562580645161291,2.8723333333333336,9,3.4444444444444446,,
SPIKE,50,3.0,24,BUY,False,counter,31,0.5161290322580645,2.3252,0.6412258064516129,2.8723333333333336,9,3.4444444444444446,,
SPIKE,14,3.0,12,BOTH,True,counter,17,0.5294117647058824,2.3235,0.6228235294117648,3.4395000000000002,8,2.125,,
SPIKE,50,3.0,18,BUY,True,counter,22,0.5454545454545454,2.2582,0.5719090909090909,3.0814999999999997,8,2.75,,
SPIKE,14,3.0,18,BOTH,True,counter,17,0.5294117647058824,2.2498750000000003,0.5881764705882352,3.3315,8,2.125,,
SPIKE,14,3.0,24,BOTH,False,counter,28,0.5,2.2476428571428575,0.6238214285714285,1.15875,9,3.111111111111111,,
SPIKE,14,3.0,36,BOTH,False,counter,28,0.5,2.2351428571428573,0.6175714285714287,1.15875,9,3.111111111111111,,
SPIKE,21,3.0,12,BOTH,True,counter,23,0.5217391304347826,2.208090909090909,0.5777826086956521,4.6195,9,2.5555555555555554,,
SPIKE,14,3.0,48,BOTH,False,counter,28,0.5,2.201071428571429,0.6005357142857142,1.15875,9,3.111111111111111,,
SPIKE,14,2.5,24,BUY,True,counter,18,0.5,2.1903333333333332,0.5951666666666666,2.27,6,3.0,,
SPIKE,14,2.5,36,BUY,True,counter,18,0.5,2.1708888888888893,0.5854444444444444,2.27,6,3.0,,
SPIKE,21,3.0,36,BOTH,True,counter,23,0.5217391304347826,2.154272727272727,0.5520434782608696,3.6560000000000006,9,2.5555555555555554,,
SPIKE,21,3.0,24,BOTH,True,counter,23,0.5217391304347826,2.145909090909091,0.5480434782608696,3.6560000000000006,9,2.5555555555555554,,
SPIKE,14,3.0,12,BOTH,False,counter,28,0.5,2.1397857142857144,0.5698928571428572,1.36925,9,3.111111111111111,,
SPIKE,50,3.0,12,BUY,False,counter,32,0.5,2.1224375,0.56121875,3.514666666666667,9,3.5555555555555554,,
SPIKE,14,3.0,18,BOTH,False,counter,28,0.5,2.1206428571428573,0.5603214285714285,1.31875,9,3.111111111111111,,
SPIKE,14,2.5,48,BUY,True,counter,18,0.5,2.117888888888889,0.5589444444444445,2.27,6,3.0,,
SPIKE,21,3.0,48,BOTH,True,counter,23,0.5217391304347826,2.111181818181818,0.5314347826086957,3.6560000000000006,9,2.5555555555555554,,
SPIKE,14,2.5,12,BUY,True,counter,18,0.5,2.1097777777777775,0.5548888888888889,2.9365,6,3.0,,
SPIKE,50,3.0,18,BUY,False,counter,32,0.5,2.0785,0.53925,3.085666666666667,9,3.5555555555555554,,
SPIKE,21,2.5,12,BUY,True,counter,24,0.5,2.0574166666666662,0.5287083333333332,10.657999999999998,9,2.6666666666666665,,
SPIKE,21,3.0,18,BOTH,True,counter,23,0.5217391304347826,2.0496363636363637,0.502,3.9760000000000004,9,2.5555555555555554,,
SPIKE,14,2.5,18,BUY,True,counter,18,0.5,1.9897777777777779,0.49488888888888877,2.59,6,3.0,,
SPIKE,50,3.0,48,BOTH,True,counter,30,0.5,1.986,0.49300000000000005,1.8280000000000003,9,3.3333333333333335,,
SPIKE,50,3.0,36,BOTH,True,counter,30,0.5,1.9760666666666666,0.4880333333333334,1.8280000000000003,9,3.3333333333333335,,
SPIKE,21,3.5,12,BOTH,False,counter,15,0.4666666666666667,1.9729999999999999,0.5189333333333332,0.0,8,1.875,,
SPIKE,21,2.5,36,BUY,True,counter,24,0.5,1.9671666666666667,0.48358333333333325,8.24,9,2.6666666666666665,,
SPIKE,21,2.5,24,BUY,True,counter,24,0.5,1.9595,0.47974999999999995,8.24,9,2.6666666666666665,,
SPIKE,21,3.5,36,BOTH,False,counter,15,0.4666666666666667,1.92925,0.4956000000000001,0.0,8,1.875,,
SPIKE,21,2.5,48,BUY,True,counter,24,0.5,1.9276666666666669,0.4638333333333333,8.24,9,2.6666666666666665,,
SPIKE,21,3.0,12,BOTH,False,counter,34,0.47058823529411764,1.924166666666667,0.4892647058823529,1.8478,10,3.4,,
SPIKE,21,3.0,36,BOTH,False,counter,34,0.47058823529411764,1.907611111111111,0.4805,1.4624000000000001,10,3.4,,
SPIKE,21,3.0,24,BOTH,False,counter,34,0.47058823529411764,1.9025000000000003,0.47779411764705887,1.4624000000000001,10,3.4,,
SPIKE,21,3.5,48,BOTH,False,counter,15,0.4666666666666667,1.8946249999999998,0.47713333333333335,0.0,8,1.875,,
SPIKE,50,3.0,24,BOTH,True,counter,30,0.5,1.890866666666667,0.4454333333333334,1.8280000000000003,9,3.3333333333333335,,
SPIKE,21,3.5,24,BOTH,False,counter,15,0.4666666666666667,1.888,0.4736000000000001,0.0,8,1.875,,
SPIKE,21,3.0,48,BOTH,False,counter,34,0.47058823529411764,1.8812777777777778,0.46655882352941175,1.4624000000000001,10,3.4,,
SPIKE,50,3.0,12,BOTH,True,counter,30,0.5,1.8800666666666668,0.44003333333333333,2.30975,9,3.3333333333333335,,
SPIKE,21,2.5,18,BUY,True,counter,24,0.5,1.8712499999999999,0.435625,8.879999999999999,9,2.6666666666666665,,
SPIKE,21,3.0,18,BOTH,False,counter,34,0.47058823529411764,1.8451666666666666,0.4474411764705883,1.5904000000000003,10,3.4,,
SPIKE,21,3.5,18,BOTH,False,counter,15,0.4666666666666667,1.8356249999999998,0.4456666666666667,0.0,8,1.875,,
SPIKE,50,3.0,18,BOTH,True,counter,30,0.5,1.792066666666667,0.39603333333333335,1.9880000000000002,9,3.3333333333333335,,
SPIKE,14,2.5,12,BUY,False,counter,33,0.45454545454545453,1.7419898819561552,0.39999999999999997,1.4396659707724426,10,3.3,,
SPIKE,50,3.0,48,BOTH,False,counter,44,0.45454545454545453,1.7219583333333333,0.39379545454545456,0.8837142857142857,10,4.4,,
SPIKE,50,3.0,36,BOTH,False,counter,44,0.45454545454545453,1.7002499999999998,0.3819545454545455,0.8837142857142857,10,4.4,,
SPIKE,14,2.5,24,BOTH,True,counter,27,0.4444444444444444,1.6823333333333332,0.3790740740740741,2.2763333333333335,8,3.375,,
SPIKE,50,3.0,24,BOTH,False,counter,44,0.45454545454545453,1.680833333333333,0.37136363636363634,0.8837142857142857,10,4.4,,
SPIKE,14,2.5,36,BOTH,True,counter,27,0.4444444444444444,1.6706666666666667,0.3725925925925926,2.2763333333333335,8,3.375,,
PULLBACK,21,0.0,18,—,True,—,722,0.4806094182825485,1.6658425546745668,0.3386980609418283,1.6187419361661626,11,65.63636363636364,50.0,0.5
SPIKE,21,2.5,12,BUY,False,counter,41,0.43902439024390244,1.6460289600702063,0.3590975609756097,1.8407599309153708,10,4.1,,
SPIKE,14,2.5,24,BUY,False,counter,33,0.42424242424242425,1.6408947368421054,0.369,1.1126,10,3.3,,
SPIKE,14,2.5,48,BOTH,True,counter,27,0.4444444444444444,1.6388666666666665,0.3549259259259259,2.2763333333333335,8,3.375,,
SPIKE,14,2.5,12,BOTH,True,counter,27,0.4444444444444444,1.634,0.3522222222222222,2.7206666666666663,8,3.375,,
PULLBACK,21,0.0,36,—,True,—,605,0.4628099173553719,1.6260033889500438,0.33463140495867766,1.4542906976744185,11,55.0,50.0,0.5
PULLBACK,21,0.0,18,—,False,—,812,0.47783251231527096,1.6190708917589618,0.31823522167487683,1.730864077669903,11,73.81818181818181,50.0,0.5
SPIKE,14,2.5,36,BUY,False,counter,33,0.42424242424242425,1.602578947368421,0.34693939393939394,1.1126,10,3.3,,
PULLBACK,21,0.0,48,—,True,—,520,0.4480769230769231,1.5841110564115455,0.321725,1.3708701298701298,11,47.27272727272727,50.0,0.5
PULLBACK,21,0.0,36,—,True,—,667,0.4542728635682159,1.5784931180855717,0.3134287856071964,1.2909278350515463,11,60.63636363636363,50.0,0.75
SPIKE,14,2.5,48,BUY,False,counter,33,0.42424242424242425,1.5774736842105264,0.3324848484848485,1.1126,10,3.3,,
SPIKE,50,3.0,12,BOTH,False,counter,45,0.4444444444444444,1.5768399999999998,0.3204666666666667,1.4860000000000002,10,4.5,,
PULLBACK,21,0.0,48,—,True,—,565,0.44424778761061945,1.576230472946753,0.3180088495575221,1.2598620689655171,11,51.36363636363637,50.0,0.75
PULLBACK,21,0.0,18,—,True,—,816,0.4571078431372549,1.573435245880894,0.3054252450980392,1.631825926384222,11,74.18181818181819,21.0,0.5
SPIKE,14,2.5,18,BUY,False,counter,33,0.42424242424242425,1.5712105263157898,0.3288787878787879,1.2406000000000001,10,3.3,,
PULLBACK,21,0.0,24,—,False,—,802,0.46384039900249374,1.5670493468452507,0.29931296758104736,1.5231433235269707,11,72.9090909090909,50.0,0.5
SPIKE,14,2.5,18,BOTH,True,counter,27,0.4444444444444444,1.562,0.31222222222222223,2.489666666666667,8,3.375,,
PULLBACK,21,0.0,48,—,True,—,653,0.44716692189892804,1.5540294985910452,0.3034961715160796,1.2000262131126056,11,59.36363636363637,50.0,1.5
PULLBACK,21,0.0,36,—,False,—,778,0.4537275064267352,1.5526054372900322,0.29959383033419024,1.4629268248815188,11,70.72727272727273,50.0,0.5
SPIKE,50,3.0,18,BOTH,False,counter,45,0.4444444444444444,1.5487199999999999,0.3048444444444444,1.3021428571428573,10,4.5,,
PULLBACK,21,0.0,36,—,True,—,763,0.44954128440366975,1.5367466980759423,0.2938466579292267,1.3254770642201836,11,69.36363636363636,50.0,1.5
SPIKE,50,2.5,36,BUY,True,counter,37,0.43243243243243246,1.5216666666666665,0.2960810810810811,2.185,9,4.111111111111111,,
SPIKE,14,3.0,48,BUY,True,any,37,0.43243243243243246,1.5176666666666665,0.29381081081081084,1.4378,10,3.7,,
SPIKE,21,3.0,48,BUY,True,any,37,0.43243243243243246,1.5176666666666665,0.29381081081081084,1.4378,10,3.7,,
SPIKE,50,3.0,48,BUY,True,any,37,0.43243243243243246,1.5176666666666665,0.29381081081081084,1.4378,10,3.7,,
SPIKE,50,2.5,48,BUY,True,counter,37,0.43243243243243246,1.5168095238095236,0.29332432432432426,2.185,9,4.111111111111111,,
SPIKE,50,2.5,18,BUY,True,counter,38,0.4473684210526316,1.512142857142857,0.2830263157894737,2.3449999999999998,9,4.222222222222222,,
SPIKE,21,3.0,36,BUY,True,any,37,0.43243243243243246,1.5105714285714287,0.2897837837837839,1.4378,10,3.7,,
SPIKE,50,3.0,36,BUY,True,any,37,0.43243243243243246,1.5105714285714287,0.2897837837837839,1.4378,10,3.7,,
SPIKE,14,3.0,36,BUY,True,any,37,0.43243243243243246,1.5105714285714287,0.2897837837837839,1.4378,10,3.7,,
PULLBACK,21,0.0,18,—,True,—,763,0.45871559633027525,1.509262841919258,0.27082437745740495,1.3057795574910962,11,69.36363636363636,50.0,0.75
PULLBACK,21,0.0,24,—,True,—,688,0.45348837209302323,1.5008773760037664,0.27216424418604657,1.3073469387755103,11,62.54545454545455,50.0,0.5
PULLBACK,21,0.0,24,—,True,—,742,0.45417789757412397,1.4977253995801885,0.26939487870619944,1.3210416123959208,11,67.45454545454545,50.0,0.75
PULLBACK,21,0.0,36,—,True,—,692,0.45664739884393063,1.4948256745102875,0.26699277456647397,1.3463789473684213,11,62.90909090909091,50.0,1.0
SPIKE,50,2.5,12,BUY,True,counter,39,0.4358974358974359,1.4902727272727274,0.2765641025641025,2.7894999999999994,9,4.333333333333333,,
SPIKE,50,2.5,24,BUY,True,counter,37,0.43243243243243246,1.4887619047619045,0.27740540540540537,2.185,9,4.111111111111111,,
PULLBACK,21,0.0,48,—,False,—,713,0.4375876577840112,1.4887129039266955,0.27445582047685835,1.256181818181818,11,64.81818181818181,50.0,0.5
PULLBACK,50,0.0,18,—,False,—,812,0.45935960591133007,1.4772747139498612,0.25551477832512315,1.5808981481481479,11,73.81818181818181,50.0,0.5
PULLBACK,21,0.0,36,—,False,—,804,0.44029850746268656,1.4615087414276058,0.2555398009950249,1.2978705403599016,11,73.0909090909091,50.0,0.75
SPIKE,21,2.5,24,BUY,False,counter,41,0.4146341463414634,1.4605833333333331,0.269609756097561,1.3733333333333333,10,4.1,,
PULLBACK,50,0.0,24,—,False,—,804,0.4490049751243781,1.4596560589613206,0.2501666666666667,1.5088684400500763,11,73.0909090909091,50.0,0.5
PULLBACK,21,0.0,18,—,False,—,820,0.45121951219512196,1.4592022086565966,0.24786951219512193,1.4268988534208968,11,74.54545454545455,50.0,0.75
PULLBACK,21,0.0,48,—,False,—,757,0.4319682959048877,1.4589674409454354,0.25887582562747685,1.178425,11,68.81818181818181,50.0,0.75
SPIKE,14,3.0,24,BUY,True,any,37,0.43243243243243246,1.4497142857142857,0.25524324324324327,1.4378,10,3.7,,
SPIKE,50,3.0,24,BUY,True,any,37,0.43243243243243246,1.4497142857142857,0.25524324324324327,1.4378,10,3.7,,
SPIKE,21,3.0,24,BUY,True,any,37,0.43243243243243246,1.4497142857142857,0.25524324324324327,1.4378,10,3.7,,
PULLBACK,21,0.0,18,—,False,—,824,0.4344660194174757,1.4435232568112297,0.24475970873786407,1.4711617143711888,11,74.9090909090909,21.0,0.5
PULLBACK,21,0.0,48,—,False,—,809,0.4388133498145859,1.4425604323441719,0.24658220024721877,1.445365934826206,11,73.54545454545455,50.0,1.5
SPIKE,21,3.0,12,BUY,True,any,37,0.43243243243243246,1.442,0.25086486486486487,1.8232,10,3.7,,
SPIKE,14,3.0,12,BUY,True,any,37,0.43243243243243246,1.442,0.25086486486486487,1.8232,10,3.7,,
SPIKE,50,3.0,12,BUY,True,any,37,0.43243243243243246,1.442,0.25086486486486487,1.8232,10,3.7,,
SPIKE,21,2.5,36,BUY,False,counter,41,0.4146341463414634,1.4413749999999999,0.25836585365853654,1.3733333333333333,10,4.1,,
SPIKE,14,2.5,12,BOTH,False,counter,51,0.4117647058823529,1.4411211816045655,0.2576666666666667,1.37997432605905,10,5.1,,
PULLBACK,21,0.0,48,—,True,—,641,0.43213728549141966,1.4411012603288078,0.2489235569422777,1.3519910616464361,11,58.27272727272727,21.0,0.5
SPIKE,21,2.5,12,BOTH,True,counter,36,0.4166666666666667,1.4386190476190475,0.2558611111111111,2.9535,9,4.0,,
SPIKE,21,2.5,18,BUY,False,counter,41,0.4146341463414634,1.4364999999999999,0.2555121951219512,1.4799999999999998,10,4.1,,
SPIKE,21,2.5,48,BUY,False,counter,41,0.4146341463414634,1.421625,0.24680487804878048,1.3733333333333333,10,4.1,,
PULLBACK,21,0.0,24,—,True,—,809,0.4363411619283066,1.4172008334328676,0.23315080346106304,1.1708171969214176,11,73.54545454545455,21.0,0.5
PULLBACK,21,0.0,36,—,True,—,790,0.4341772151898734,1.4163773395076422,0.23469240506329112,1.3773771929824559,11,71.81818181818181,21.0,0.75
PULLBACK,100,0.0,18,—,True,—,818,0.4339853300733496,1.4152514803954752,0.2309498777506113,1.4619555884931361,11,74.36363636363636,21.0,0.5
PULLBACK,50,0.0,48,—,False,—,763,0.42201834862385323,1.4145247042576419,0.23839842726081262,1.3455862068965518,11,69.36363636363636,50.0,0.75
PULLBACK,21,0.0,18,—,True,—,789,0.4435994930291508,1.411132336534086,0.22558555133079844,1.1615944342682374,11,71.72727272727273,50.0,1.0
PULLBACK,21,0.0,18,—,True,—,822,0.4440389294403893,1.4097670950791734,0.22465206812652067,1.4001946902654863,11,74.72727272727273,21.0,1.0
PULLBACK,50,0.0,18,—,True,—,817,0.43451652386780903,1.4092581319641113,0.2271187270501836,1.4241730973980835,11,74.27272727272727,21.0,0.5
PULLBACK,21,0.0,48,—,False,—,812,0.4236453201970443,1.4086165137298936,0.2339470443349754,1.5761195103744146,11,73.81818181818181,21.0,0.5
SPIKE,50,2.5,24,BUY,False,counter,60,0.4,1.4045555555555553,0.24273333333333333,2.6271666666666667,10,6.0,,
PULLBACK,21,0.0,48,—,True,—,592,0.42736486486486486,1.4032380975060874,0.22882263513513512,1.0693186813186815,11,53.81818181818182,50.0,1.0
PULLBACK,21,0.0,48,—,False,—,784,0.4272959183673469,1.3970007076981836,0.22539158163265305,1.2002905982905983,11,71.27272727272727,50.0,1.0
SPIKE,50,3.0,48,BUY,False,any,61,0.4098360655737705,1.3964722222222221,0.233983606557377,0.7010909090909091,10,6.1,,
SPIKE,21,3.0,48,BUY,False,any,61,0.4098360655737705,1.3964722222222221,0.233983606557377,0.7010909090909091,10,6.1,,
SPIKE,14,3.0,48,BUY,False,any,61,0.4098360655737705,1.3964722222222221,0.233983606557377,0.7010909090909091,10,6.1,,
SPIKE,50,2.5,48,BUY,False,counter,60,0.4,1.3933333333333333,0.23600000000000002,2.636,10,6.0,,
SPIKE,50,2.5,12,BUY,False,counter,63,0.4126984126984127,1.3885566730089698,0.22690476190476194,3.458031088082901,10,6.3,,
SPIKE,50,2.5,18,BUY,False,counter,62,0.4032258064516129,1.3883513513513512,0.23175806451612904,3.0220000000000002,10,6.2,,
PULLBACK,21,0.0,36,—,False,—,822,0.4209245742092457,1.3882231597495787,0.22299878345498783,1.4948004943502824,11,74.72727272727273,21.0,0.5
SPIKE,50,3.5,12,BOTH,False,counter,20,0.4,1.3881666666666668,0.23289999999999997,0.29075,9,2.2222222222222223,,
PULLBACK,21,0.0,18,—,True,—,820,0.4329268292682927,1.3876336781206169,0.21571341463414634,1.3451099001381894,11,74.54545454545455,21.0,0.75
SPIKE,21,2.5,36,BOTH,True,counter,36,0.4166666666666667,1.387047619047619,0.22577777777777777,2.349,9,4.0,,
SPIKE,50,2.5,36,BUY,False,counter,60,0.4,1.3858333333333333,0.2315,2.682166666666667,10,6.0,,
PULLBACK,50,0.0,36,—,False,—,778,0.42802056555269924,1.3847600577304708,0.21930334190231363,1.4384276569847372,11,70.72727272727273,50.0,0.5
SPIKE,21,2.5,24,BOTH,True,counter,36,0.4166666666666667,1.3826666666666665,0.22322222222222227,2.349,9,4.0,,
SPIKE,21,3.0,36,BUY,False,any,61,0.4098360655737705,1.382,0.22544262295081965,0.7010909090909091,10,6.1,,
SPIKE,50,3.0,36,BUY,False,any,61,0.4098360655737705,1.382,0.22544262295081965,0.7010909090909091,10,6.1,,
SPIKE,14,3.0,36,BUY,False,any,61,0.4098360655737705,1.382,0.22544262295081965,0.7010909090909091,10,6.1,,
SPIKE,14,3.0,18,BUY,True,any,37,0.43243243243243246,1.3791428571428572,0.2151891891891892,1.5657999999999999,10,3.7,,
SPIKE,50,3.0,18,BUY,True,any,37,0.43243243243243246,1.3791428571428572,0.2151891891891892,1.5657999999999999,10,3.7,,
SPIKE,21,3.0,18,BUY,True,any,37,0.43243243243243246,1.3791428571428572,0.2151891891891892,1.5657999999999999,10,3.7,,
PULLBACK,21,0.0,36,—,True,—,809,0.43757725587144625,1.376788605869142,0.21111619283065514,1.396433628318584,11,73.54545454545455,21.0,1.0
PULLBACK,21,0.0,18,—,False,—,822,0.43309002433090027,1.374481382165661,0.20862895377128954,1.3337587417110037,11,74.72727272727273,50.0,1.0
PULLBACK,21,0.0,24,—,False,—,819,0.4346764346764347,1.3733505115243096,0.20875946275946275,1.3510114441603895,11,74.45454545454545,50.0,0.75
PULLBACK,50,0.0,18,—,False,—,824,0.4223300970873786,1.370279449699054,0.20904611650485438,1.414262244583633,11,74.9090909090909,21.0,0.5
SPIKE,50,3.5,24,BOTH,False,counter,20,0.4,1.3700833333333333,0.22205,0.29075,9,2.2222222222222223,,
SPIKE,21,3.0,24,BUY,False,any,61,0.4098360655737705,1.3690555555555555,0.21780327868852462,0.7010909090909091,10,6.1,,
SPIKE,50,3.0,24,BUY,False,any,61,0.4098360655737705,1.3690555555555555,0.21780327868852462,0.7010909090909091,10,6.1,,
SPIKE,14,3.0,24,BUY,False,any,61,0.4098360655737705,1.3690555555555555,0.21780327868852462,0.7010909090909091,10,6.1,,
PULLBACK,21,0.0,24,—,True,—,772,0.4365284974093264,1.366242638452929,0.20388471502590674,1.1989101551278367,11,70.18181818181819,50.0,1.0
SPIKE,21,2.5,48,BOTH,True,counter,36,0.4166666666666667,1.3644761904761904,0.21261111111111117,2.349,9,4.0,,
PULLBACK,21,0.0,36,—,True,—,753,0.42231075697211157,1.3562861567736872,0.20439043824701195,1.4643459915611814,11,68.45454545454545,21.0,0.5
SPIKE,21,4.0,12,BOTH,False,any,17,0.35294117647058826,1.3557272727272727,0.23017647058823532,0.65875,8,2.125,,
SPIKE,14,4.0,12,BOTH,False,any,17,0.35294117647058826,1.3557272727272727,0.23017647058823532,0.65875,8,2.125,,
SPIKE,50,4.0,12,BOTH,False,any,17,0.35294117647058826,1.3557272727272727,0.23017647058823532,0.65875,8,2.125,,
PULLBACK,50,0.0,18,—,True,—,724,0.43370165745856354,1.3540888242532725,0.19673204419889503,1.20835242950007,11,65.81818181818181,50.0,0.5
SPIKE,14,2.5,24,BOTH,False,counter,51,0.39215686274509803,1.3519032258064518,0.21390196078431373,1.08175,10,5.1,,
PULLBACK,21,0.0,48,—,False,—,823,0.4204131227217497,1.3514993470145336,0.20341433778857837,1.413136752136752,11,74.81818181818181,21.0,1.5
PULLBACK,50,0.0,36,—,True,—,607,0.41680395387149916,1.3514460675815259,0.20403789126853378,1.3067333333333335,11,55.18181818181818,50.0,0.5
PULLBACK,21,0.0,18,—,False,—,824,0.4211165048543689,1.3505354253209005,0.19795509708737863,1.195216921238528,11,74.9090909090909,21.0,0.75
SPIKE,50,3.5,48,BOTH,False,counter,20,0.4,1.3378333333333334,0.20270000000000002,0.29075,9,2.2222222222222223,,
SPIKE,21,2.5,18,BOTH,True,counter,36,0.4166666666666667,1.3322380952380952,0.1938055555555555,2.5090000000000003,9,4.0,,
SPIKE,50,3.5,36,BOTH,False,counter,20,0.4,1.3299166666666666,0.19795,0.29075,9,2.2222222222222223,,
PULLBACK,21,0.0,48,—,True,—,690,0.4115942028985507,1.3273212893873279,0.1911072463768116,1.0882705816626521,11,62.72727272727273,21.0,0.75
PULLBACK,100,0.0,24,—,False,—,803,0.42963885429638854,1.3263625276401152,0.18362017434620176,1.2602462034253636,11,73.0,50.0,0.5
PULLBACK,21,0.0,18,—,True,—,816,0.42769607843137253,1.3255163652080526,0.18274632352941175,1.0894258416817892,11,74.18181818181819,50.0,1.5
PULLBACK,21,0.0,24,—,False,—,820,0.4219512195121951,1.3250597658077625,0.18555243902439023,1.388492222823525,11,74.54545454545455,50.0,1.0
SPIKE,14,2.5,18,BOTH,False,counter,51,0.39215686274509803,1.3230000000000002,0.19633333333333336,1.2152500000000002,10,5.1,,
SPIKE,50,3.5,18,BOTH,False,counter,20,0.4,1.32125,0.19275000000000003,0.29075,9,2.2222222222222223,,
PULLBACK,50,0.0,18,—,False,—,821,0.4336175395858709,1.320327030546953,0.1791498172959805,1.3644142661654914,11,74.63636363636364,50.0,0.75
PULLBACK,21,0.0,24,—,True,—,823,0.4240583232077764,1.3199098702266798,0.1835528554070474,1.1663548387096772,11,74.81818181818181,21.0,1.5
SPIKE,14,2.5,36,BOTH,False,counter,51,0.39215686274509803,1.3158387096774198,0.19198039215686274,1.0330000000000001,10,5.1,,
PULLBACK,21,0.0,24,—,False,—,823,0.41676792223572295,1.3133391716594178,0.1808541919805589,1.2882945524679863,11,74.81818181818181,21.0,0.5
PULLBACK,21,0.0,48,—,False,—,821,0.415347137637028,1.3103443216071977,0.18033008526187577,1.2163553368513065,11,74.63636363636364,21.0,1.0
PULLBACK,100,0.0,18,—,False,—,812,0.43472906403940886,1.308518983715652,0.17242487684729066,1.364294890094205,11,73.81818181818181,50.0,0.5
SPIKE,14,3.0,12,BUY,False,any,62,0.4032258064516129,1.307216216216216,0.1833387096774193,0.8762727272727272,10,6.2,,
SPIKE,21,3.0,12,BUY,False,any,62,0.4032258064516129,1.307216216216216,0.1833387096774193,0.8762727272727272,10,6.2,,
SPIKE,50,3.0,12,BUY,False,any,62,0.4032258064516129,1.307216216216216,0.1833387096774193,0.8762727272727272,10,6.2,,
PULLBACK,100,0.0,18,—,True,—,731,0.4240766073871409,1.3063190575096522,0.17290013679890562,1.2580084689440405,11,66.45454545454545,50.0,0.5
PULLBACK,50,0.0,24,—,False,—,819,0.4175824175824176,1.3056753939126824,0.17613919413919416,1.3412257665222556,11,74.45454545454545,50.0,0.75
PULLBACK,50,0.0,48,—,False,—,809,0.4079110012360939,1.3013732776425537,0.17784301606922126,1.454813559322034,11,73.54545454545455,50.0,1.5
SPIKE,14,2.5,48,BOTH,False,counter,51,0.39215686274509803,1.300451612903226,0.18262745098039215,1.0330000000000001,10,5.1,,
SPIKE,50,4.0,24,BOTH,False,any,17,0.35294117647058826,1.2991818181818182,0.19358823529411767,0.3875,8,2.125,,
SPIKE,14,4.0,24,BOTH,False,any,17,0.35294117647058826,1.2991818181818182,0.19358823529411767,0.3875,8,2.125,,
SPIKE,21,4.0,24,BOTH,False,any,17,0.35294117647058826,1.2991818181818182,0.19358823529411767,0.3875,8,2.125,,
PULLBACK,50,0.0,24,—,True,—,749,0.4192256341789052,1.2985479913532847,0.17203738317757009,1.058647029070615,11,68.0909090909091,50.0,0.75
PULLBACK,50,0.0,36,—,False,—,806,0.40818858560794047,1.2960764040857666,0.17373697270471467,1.3013985503129089,11,73.27272727272727,50.0,0.75
PULLBACK,50,0.0,48,—,False,—,715,0.406993006993007,1.2948208959101397,0.1745888111888112,1.3686851851851853,11,65.0,50.0,0.5
PULLBACK,21,0.0,48,—,False,—,819,0.4053724053724054,1.2945414116198042,0.17402686202686202,1.4937299353628202,11,74.45454545454545,21.0,0.75
PULLBACK,50,0.0,48,—,True,—,652,0.4110429447852761,1.2928040093298874,0.1709723926380368,1.0165462815598896,11,59.27272727272727,50.0,1.5
PULLBACK,21,0.0,48,—,True,—,780,0.41025641025641024,1.2921673613896785,0.1718153846153846,1.3326186440677965,11,70.9090909090909,21.0,1.5
PULLBACK,50,0.0,18,—,True,—,821,0.4190012180267966,1.2902328265073888,0.1654238733252132,1.2432154588079933,11,74.63636363636364,21.0,0.75
SPIKE,14,3.0,18,BUY,False,any,62,0.4032258064516129,1.288216216216216,0.17200000000000001,0.7592727272727273,10,6.2,,
SPIKE,21,3.0,18,BUY,False,any,62,0.4032258064516129,1.288216216216216,0.17200000000000001,0.7592727272727273,10,6.2,,
SPIKE,50,3.0,18,BUY,False,any,62,0.4032258064516129,1.288216216216216,0.17200000000000001,0.7592727272727273,10,6.2,,
PULLBACK,21,0.0,24,—,True,—,805,0.41739130434782606,1.285422079955765,0.16415527950310557,1.1425939393939393,11,73.18181818181819,50.0,1.5
SPIKE,14,4.0,18,BOTH,False,any,17,0.35294117647058826,1.284,0.1837647058823529,0.3875,8,2.125,,
SPIKE,50,4.0,18,BOTH,False,any,17,0.35294117647058826,1.284,0.1837647058823529,0.3875,8,2.125,,
SPIKE,21,4.0,18,BOTH,False,any,17,0.35294117647058826,1.284,0.1837647058823529,0.3875,8,2.125,,
PULLBACK,50,0.0,48,—,True,—,569,0.4007029876977153,1.2838130993385695,0.1689964850615114,0.9761578947368421,11,51.72727272727273,50.0,0.75
PULLBACK,50,0.0,18,—,True,—,770,0.42597402597402595,1.2827577848261922,0.1605818181818182,1.0778676852456819,11,70.0,50.0,0.75
PULLBACK,50,0.0,36,—,True,—,669,0.40358744394618834,1.2811278009596805,0.1665680119581465,0.9347927927927928,11,60.81818181818182,50.0,0.75
PULLBACK,50,0.0,24,—,True,—,811,0.41676942046855736,1.28083439162301,0.16333168927250308,0.9997486212255094,11,73.72727272727273,21.0,0.5
PULLBACK,21,0.0,24,—,False,—,824,0.39563106796116504,1.2795665356724573,0.16628033980582527,1.1934603839659805,11,74.9090909090909,21.0,1.5
PULLBACK,100,0.0,36,—,True,—,613,0.4029363784665579,1.2790918028387321,0.16625448613376836,1.194625,11,55.72727272727273,50.0,0.5
PULLBACK,21,0.0,48,—,True,—,728,0.40384615384615385,1.2785949037913307,0.16511263736263734,1.1451965811965812,11,66.18181818181819,21.0,1.0
PULLBACK,100,0.0,48,—,True,—,657,0.4063926940639269,1.2783079840551104,0.16418264840182648,1.0392515091301195,11,59.72727272727273,50.0,1.5
PULLBACK,21,0.0,18,—,False,—,823,0.41190765492102066,1.2754580974070746,0.16019076549210204,1.099219683542781,11,74.81818181818181,50.0,1.5
PULLBACK,21,0.0,24,—,False,—,823,0.40340218712029163,1.2712509050816219,0.16022721749696237,1.3818606557377047,11,74.81818181818181,21.0,1.0
PULLBACK,21,0.0,24,—,True,—,821,0.42021924482338613,1.270565401878683,0.15587697929354447,1.1010174760940221,11,74.63636363636364,21.0,1.0
PULLBACK,21,0.0,24,—,True,—,819,0.409035409035409,1.2702977059534923,0.15800732600732603,1.1042984158787803,11,74.45454545454545,21.0,0.75
PULLBACK,50,0.0,18,—,True,—,822,0.4209245742092457,1.266166858736929,0.15228953771289538,1.299581248778996,11,74.72727272727273,21.0,1.0
PULLBACK,50,0.0,36,—,True,—,767,0.39765319426336376,1.2651948724307227,0.15894784876140808,1.0564959349593495,11,69.72727272727273,50.0,1.5
SPIKE,14,4.0,48,BOTH,False,any,17,0.35294117647058826,1.2591818181818182,0.16770588235294118,0.3875,8,2.125,,
SPIKE,21,4.0,48,BOTH,False,any,17,0.35294117647058826,1.2591818181818182,0.16770588235294118,0.3875,8,2.125,,
SPIKE,50,4.0,48,BOTH,False,any,17,0.35294117647058826,1.2591818181818182,0.16770588235294118,0.3875,8,2.125,,
PULLBACK,50,0.0,48,—,True,—,520,0.39807692307692305,1.2548741569652992,0.15312692307692308,1.2638101265822783,11,47.27272727272727,50.0,0.5
PULLBACK,21,0.0,36,—,False,—,810,0.4024691358024691,1.2539251635484812,0.1504679012345679,1.0807063492063493,11,73.63636363636364,50.0,1.0
PULLBACK,100,0.0,24,—,True,—,813,0.41205412054120544,1.2512708084361484,0.14689544895448955,1.061882191524525,11,73.9090909090909,21.0,0.5
PULLBACK,50,0.0,18,—,False,—,822,0.41605839416058393,1.2505610110008771,0.14452798053527982,1.2331462299635436,11,74.72727272727273,50.0,1.0
PULLBACK,50,0.0,18,—,True,—,816,0.41421568627450983,1.2482102270308923,0.1429313725490196,1.0337268396820087,11,74.18181818181819,50.0,1.5
PULLBACK,21,0.0,24,—,False,—,823,0.3973268529769137,1.2462507768292284,0.14636452004860268,1.3299901092882773,11,74.81818181818181,21.0,0.75
PULLBACK,50,0.0,24,—,False,—,823,0.402187120291616,1.2440926822775344,0.14483475091130013,1.2022803208153388,11,74.81818181818181,21.0,0.5
PULLBACK,50,0.0,18,—,True,—,791,0.41466498103666244,1.2402981845361027,0.13900505689001263,0.9733622884996952,11,71.9090909090909,50.0,1.0
PULLBACK,21,0.0,24,—,False,—,823,0.40583232077764275,1.2387834920845364,0.14005710814094774,1.108970214913041,11,74.81818181818181,50.0,1.5
PULLBACK,50,0.0,18,—,False,—,823,0.40704738760631837,1.237537567372892,0.13944349939246659,1.1640680397414684,11,74.81818181818181,50.0,1.5
PULLBACK,21,0.0,36,—,False,—,823,0.39489671931956255,1.2373164367041891,0.14298906439854192,1.1028153846153843,11,74.81818181818181,21.0,0.75
PULLBACK,100,0.0,36,—,True,—,765,0.38823529411764707,1.236077071324025,0.14379346405228757,0.971015625,11,69.54545454545455,50.0,1.5
PULLBACK,21,0.0,36,—,False,—,823,0.40704738760631837,1.2358082641095305,0.1394179829890644,1.1514803149606294,11,74.81818181818181,21.0,1.0
PULLBACK,50,0.0,18,—,False,—,824,0.4065533980582524,1.232604597859509,0.13522936893203882,1.070194426797801,11,74.9090909090909,21.0,0.75
PULLBACK,21,0.0,18,—,False,—,824,0.4077669902912621,1.2269675942874239,0.1316723300970874,1.1117428665770037,11,74.9090909090909,21.0,1.0
PULLBACK,50,0.0,24,—,True,—,822,0.40632603406326034,1.2263410720347263,0.133845498783455,1.0289244788071241,11,74.72727272727273,21.0,1.0
PULLBACK,50,0.0,48,—,False,—,814,0.3918918918918919,1.2255672609400325,0.1367813267813268,1.4204647273161701,11,74.0,21.0,0.5
SPIKE,21,4.0,36,BOTH,False,any,17,0.35294117647058826,1.2253636363636364,0.1458235294117647,0.3875,8,2.125,,
SPIKE,14,4.0,36,BOTH,False,any,17,0.35294117647058826,1.2253636363636364,0.1458235294117647,0.3875,8,2.125,,
SPIKE,50,4.0,36,BOTH,False,any,17,0.35294117647058826,1.2253636363636364,0.1458235294117647,0.3875,8,2.125,,
PULLBACK,100,0.0,48,—,True,—,570,0.3894736842105263,1.2243113412894995,0.13631754385964912,1.0671630434782606,11,51.81818181818182,50.0,0.75
PULLBACK,50,0.0,36,—,False,—,822,0.3978102189781022,1.2239500503067087,0.13430900243309002,1.2320263306191452,11,74.72727272727273,21.0,0.5
PULLBACK,100,0.0,18,—,False,—,824,0.40048543689320387,1.223762921380875,0.13119296116504855,1.4158991969752155,11,74.9090909090909,21.0,0.5
PULLBACK,21,0.0,36,—,False,—,819,0.398046398046398,1.2223685308465841,0.1334078144078144,1.1503095238095236,11,74.45454545454545,50.0,1.5
PULLBACK,50,0.0,24,—,True,—,690,0.40869565217391307,1.2216601534587352,0.1303753623188406,1.1294571428571427,11,62.72727272727273,50.0,0.5
PULLBACK,100,0.0,18,—,True,—,770,0.4142857142857143,1.2170242527903372,0.1257311688311688,1.1251060808119295,11,70.0,50.0,0.75
PULLBACK,50,0.0,24,—,True,—,823,0.4046172539489672,1.2148861163054474,0.12776063183475092,1.0893203124999997,11,74.81818181818181,21.0,1.5
PULLBACK,100,0.0,36,—,True,—,799,0.3954943679599499,1.2147734855555856,0.1293078848560701,1.2487235772357723,11,72.63636363636364,21.0,0.75
PULLBACK,21,0.0,18,—,True,—,824,0.404126213592233,1.2147583713537462,0.1265885922330097,1.218764907229954,11,74.9090909090909,21.0,1.5
PULLBACK,50,0.0,48,—,True,—,642,0.397196261682243,1.213194862324404,0.12803115264797507,1.0724158415841585,11,58.36363636363637,21.0,0.5
SPIKE,21,2.5,12,BOTH,False,counter,65,0.36923076923076925,1.2124050012257908,0.13329230769230768,1.344949026876738,10,6.5,,
PULLBACK,50,0.0,24,—,False,—,821,0.3982947624847747,1.205673004113542,0.12240925700365408,1.2714081239820347,11,74.63636363636364,50.0,1.0
PULLBACK,100,0.0,18,—,True,—,821,0.40194884287454324,1.205477776971782,0.12075761266747868,1.1870746889686445,11,74.63636363636364,21.0,0.75
PULLBACK,50,0.0,48,—,False,—,821,0.392204628501827,1.201471296668005,0.12225700365408039,1.19251968503937,11,74.63636363636364,21.0,1.0
PULLBACK,100,0.0,48,—,True,—,647,0.3956723338485317,1.2002353110421504,0.12047295208655331,1.159091836734694,11,58.81818181818182,21.0,0.5
PULLBACK,50,0.0,18,—,True,—,824,0.40048543689320387,1.1991366366366365,0.11846116504854368,1.2357428048577606,11,74.9090909090909,21.0,1.5
PULLBACK,50,0.0,48,—,True,—,785,0.39363057324840767,1.1967701434181033,0.11898853503184714,1.241471544715447,11,71.36363636363636,21.0,1.5
PULLBACK,50,0.0,36,—,False,—,823,0.39125151883353587,1.1936468661730055,0.11753705953827459,0.9764817518248172,11,74.81818181818181,21.0,0.75
PULLBACK,100,0.0,48,—,False,—,762,0.3858267716535433,1.1911886414607267,0.11702099737532809,1.087516393442623,11,69.27272727272727,50.0,0.75
PULLBACK,50,0.0,36,—,True,—,796,0.3907035175879397,1.1905422441176714,0.11544849246231156,1.2588442622950817,11,72.36363636363636,21.0,0.75
PULLBACK,100,0.0,36,—,False,—,821,0.39707673568818513,1.1899642520785443,0.11424116930572471,1.2560551895046177,11,74.63636363636364,21.0,0.5
PULLBACK,50,0.0,48,—,False,—,787,0.3850063532401525,1.1894569122624317,0.11558195679796697,1.1530114616254221,11,71.54545454545455,50.0,1.0
PULLBACK,100,0.0,36,—,False,—,777,0.398970398970399,1.1890973597111962,0.11345817245817245,1.3217067272523861,11,70.63636363636364,50.0,0.5
PULLBACK,100,0.0,48,—,True,—,522,0.3831417624521073,1.1870341614906832,0.11537356321839079,1.1637073170731707,11,47.45454545454545,50.0,0.5
PULLBACK,100,0.0,36,—,True,—,672,0.3869047619047619,1.184045342456407,0.11239583333333332,0.8940884955752212,11,61.09090909090909,50.0,0.75
PULLBACK,50,0.0,24,—,True,—,776,0.4020618556701031,1.1830288711389056,0.10801675257731959,0.9220923184892178,11,70.54545454545455,50.0,1.0
PULLBACK,100,0.0,36,—,True,—,812,0.4014778325123153,1.1796704728268288,0.10700615763546796,1.1595403225806453,11,73.81818181818181,21.0,1.0
PULLBACK,21,0.0,18,—,False,—,824,0.3895631067961165,1.1789606850914751,0.10712621359223301,1.0107531883552352,11,74.9090909090909,21.0,1.5
PULLBACK,21,0.0,36,—,True,—,818,0.4034229828850856,1.177734527533325,0.10572249388753055,1.0482,11,74.36363636363636,21.0,1.5
PULLBACK,100,0.0,24,—,True,—,750,0.4,1.1775228391825836,0.10565733333333333,1.1398705691230124,11,68.18181818181819,50.0,0.75
PULLBACK,50,0.0,24,—,False,—,824,0.3895631067961165,1.1760567188391866,0.10668203883495145,1.2037230769230767,11,74.9090909090909,21.0,1.0
PULLBACK,100,0.0,18,—,True,—,822,0.40389294403892945,1.1749901325238215,0.10301703163017033,1.2290878067770499,11,74.72727272727273,21.0,1.0
PULLBACK,100,0.0,48,—,True,—,786,0.3842239185750636,1.1736820367645382,0.10646819338422392,1.3111833333333336,11,71.45454545454545,21.0,1.5
PULLBACK,50,0.0,36,—,True,—,697,0.3988522238163558,1.1733504145555045,0.10367001434720231,0.8506347826086957,11,63.36363636363637,50.0,1.0
PULLBACK,50,0.0,24,—,False,—,823,0.3863912515188335,1.1696647735476728,0.10279829890643985,1.1787793076041981,11,74.81818181818181,21.0,0.75
SPIKE,50,2.5,36,BOTH,True,counter,50,0.38,1.1694838709677422,0.10508000000000002,1.8381666666666667,9,5.555555555555555,,
PULLBACK,50,0.0,24,—,True,—,819,0.3894993894993895,1.1666166243826155,0.10095604395604395,0.9645315258700661,11,74.45454545454545,21.0,0.75
PULLBACK,100,0.0,18,—,False,—,821,0.4056029232643118,1.1664121788044204,0.09743605359317906,1.3303656012069751,11,74.63636363636364,50.0,0.75
SPIKE,50,2.5,48,BOTH,True,counter,50,0.38,1.1661935483870969,0.10303999999999998,1.8381666666666667,9,5.555555555555555,,
SPIKE,50,2.5,18,BOTH,True,counter,51,0.39215686274509803,1.1630322580645165,0.09909803921568626,1.9448333333333334,9,5.666666666666667,,
PULLBACK,100,0.0,18,—,True,—,815,0.39386503067484663,1.1619552196411151,0.09654478527607363,1.0631294819112078,11,74.0909090909091,50.0,1.5
PULLBACK,50,0.0,48,—,False,—,823,0.38517618469015796,1.1619200671318928,0.09940947752126368,1.3777394957983193,11,74.81818181818181,21.0,1.5
PULLBACK,50,0.0,24,—,True,—,805,0.3937888198757764,1.1615360848044225,0.0967689440993789,0.9215159990376521,11,73.18181818181819,50.0,1.5
PULLBACK,21,0.0,36,—,False,—,823,0.3888213851761847,1.161489065606362,0.09869866342648848,1.115100775193798,11,74.81818181818181,21.0,1.5
PULLBACK,100,0.0,24,—,False,—,819,0.39438339438339437,1.1612585857104445,0.09666300366300366,1.3217681982886207,11,74.45454545454545,50.0,0.75
PULLBACK,100,0.0,24,—,True,—,822,0.39659367396593675,1.1608245544794922,0.09666788321167884,1.0267499649461729,11,74.72727272727273,21.0,1.0
PULLBACK,100,0.0,24,—,True,—,821,0.392204628501827,1.160520958217,0.09670889159561512,1.034484098610377,11,74.63636363636364,21.0,0.75
PULLBACK,50,0.0,48,—,True,—,694,0.38472622478386165,1.1594033969826052,0.09754178674351584,0.9427350427350427,11,63.09090909090909,21.0,0.75
PULLBACK,50,0.0,48,—,False,—,821,0.37880633373934225,1.1592794059044427,0.09882947624847746,1.3264274193548384,11,74.63636363636364,21.0,0.75
SPIKE,50,2.5,12,BOTH,True,counter,52,0.38461538461538464,1.15890625,0.09778846153846152,2.2411666666666665,9,5.777777777777778,,
PULLBACK,100,0.0,18,—,True,—,824,0.3895631067961165,1.1559962035657647,0.09454733009708739,1.212618296529968,11,74.9090909090909,21.0,1.5
PULLBACK,100,0.0,36,—,True,—,702,0.39173789173789175,1.1548147417562549,0.09391168091168091,0.8697033898305085,11,63.81818181818182,50.0,1.0
PULLBACK,100,0.0,24,—,True,—,694,0.3904899135446686,1.1483288264954545,0.08994668587896254,1.0420545454545456,11,63.09090909090909,50.0,0.5
SPIKE,50,2.5,24,BOTH,True,counter,50,0.38,1.1471935483870968,0.09125999999999998,1.8381666666666667,9,5.555555555555555,,
PULLBACK,50,0.0,36,—,True,—,810,0.39012345679012345,1.1463400720800745,0.08867901234567903,1.1097578124999998,11,73.63636363636364,21.0,1.0
PULLBACK,100,0.0,36,—,True,—,763,0.3892529488859764,1.14506857092282,0.08807601572739188,1.227162539777686,11,69.36363636363636,21.0,0.5
PULLBACK,100,0.0,24,—,True,—,824,0.3919902912621359,1.1444970426045096,0.08760922330097089,1.0325109993714643,11,74.9090909090909,21.0,1.5
PULLBACK,100,0.0,48,—,True,—,601,0.37437603993344426,1.1433714923690832,0.0893144758735441,0.8672574257425743,11,54.63636363636363,50.0,1.0
PULLBACK,50,0.0,36,—,False,—,819,0.38583638583638585,1.1398926441351889,0.08591697191697191,1.0929621212121212,11,74.45454545454545,50.0,1.5
PULLBACK,50,0.0,48,—,True,—,598,0.3745819397993311,1.1397511174374155,0.08668729096989966,0.8287572815533979,11,54.36363636363637,50.0,1.0
PULLBACK,50,0.0,36,—,False,—,810,0.38395061728395063,1.139081341524064,0.085279012345679,1.0946046511627907,11,73.63636363636364,50.0,1.0
PULLBACK,100,0.0,48,—,False,—,809,0.3794808405438813,1.133575673763684,0.08262175525339925,1.326672131147541,11,73.54545454545455,50.0,1.5
PULLBACK,100,0.0,36,—,False,—,823,0.3839611178614824,1.1334743586704903,0.08211057108140947,1.0147480916030533,11,74.81818181818181,21.0,0.75
PULLBACK,100,0.0,36,—,True,—,819,0.3882783882783883,1.1332558423344932,0.08132722832722833,0.8805112781954888,11,74.45454545454545,21.0,1.5
SPIKE,21,3.0,48,BOTH,False,any,97,0.3917525773195876,1.1318305084745763,0.08018556701030925,0.8280624999999999,10,9.7,,
SPIKE,14,3.0,48,BOTH,False,any,97,0.3917525773195876,1.1318305084745763,0.08018556701030925,0.8280624999999999,10,9.7,,
SPIKE,50,3.0,48,BOTH,False,any,97,0.3917525773195876,1.1318305084745763,0.08018556701030925,0.8280624999999999,10,9.7,,
PULLBACK,50,0.0,36,—,True,—,760,0.3815789473684211,1.1309398438991327,0.08032763157894734,1.2170605502322753,11,69.0909090909091,21.0,0.5
SPIKE,50,3.5,12,BOTH,True,any,28,0.35714285714285715,1.130277777777778,0.08374999999999999,2.611333333333333,8,3.5,,
SPIKE,21,3.5,12,BOTH,True,any,28,0.35714285714285715,1.130277777777778,0.08374999999999999,2.611333333333333,8,3.5,,
SPIKE,14,3.5,12,BOTH,True,any,28,0.35714285714285715,1.130277777777778,0.08374999999999999,2.611333333333333,8,3.5,,
SPIKE,50,3.5,12,SELL,False,any,21,0.42857142857142855,1.1297499999999998,0.07414285714285716,0.60175,7,3.0,,
SPIKE,21,3.5,12,SELL,False,any,21,0.42857142857142855,1.1297499999999998,0.07414285714285716,0.60175,7,3.0,,
SPIKE,14,3.5,12,SELL,False,any,21,0.42857142857142855,1.1297499999999998,0.07414285714285716,0.60175,7,3.0,,
PULLBACK,100,0.0,24,—,False,—,824,0.38228155339805825,1.1290925821484759,0.07916868932038836,1.1206133204034752,11,74.9090909090909,21.0,0.5
PULLBACK,100,0.0,48,—,False,—,822,0.3819951338199513,1.1278646361564986,0.07898783454987834,1.1418031496062988,11,74.72727272727273,21.0,1.0
PULLBACK,100,0.0,36,—,False,—,807,0.38166047087980176,1.1268241217789146,0.07790458488228005,1.1752250417335603,11,73.36363636363636,50.0,0.75
PULLBACK,50,0.0,24,—,False,—,824,0.3713592233009709,1.1238517623474165,0.07662621359223301,1.0851383648744117,11,74.9090909090909,21.0,1.5
SPIKE,21,3.0,36,BOTH,False,any,97,0.3917525773195876,1.123,0.07481443298969072,0.8280624999999999,10,9.7,,
SPIKE,14,3.0,36,BOTH,False,any,97,0.3917525773195876,1.123,0.07481443298969072,0.8280624999999999,10,9.7,,
SPIKE,50,3.0,36,BOTH,False,any,97,0.3917525773195876,1.123,0.07481443298969072,0.8280624999999999,10,9.7,,
PULLBACK,50,0.0,36,—,False,—,823,0.3839611178614824,1.1224100774137218,0.07529647630619683,0.97081884057971,11,74.81818181818181,21.0,1.0
SPIKE,14,3.0,24,BOTH,False,any,98,0.3979591836734694,1.120627118644068,0.07262244897959183,0.7936875000000001,10,9.8,,
SPIKE,50,3.0,24,BOTH,False,any,98,0.3979591836734694,1.120627118644068,0.07262244897959183,0.7936875000000001,10,9.8,,
SPIKE,21,3.0,24,BOTH,False,any,98,0.3979591836734694,1.120627118644068,0.07262244897959183,0.7936875000000001,10,9.8,,
PULLBACK,50,0.0,36,—,True,—,819,0.3833943833943834,1.1198211180124225,0.07360805860805861,0.9242180451127819,11,74.45454545454545,21.0,1.5
PULLBACK,100,0.0,48,—,False,—,816,0.3737745098039216,1.1196109306955577,0.07465686274509803,1.3655478182879675,11,74.18181818181819,21.0,0.5
SPIKE,21,2.5,24,BOTH,False,counter,64,0.359375,1.1167317073170733,0.07478125000000001,1.1331000000000002,10,6.4,,
PULLBACK,100,0.0,24,—,False,—,821,0.3812423873325213,1.1133378429461034,0.06938733252131547,1.3069345343521754,11,74.63636363636364,50.0,1.0
PULLBACK,100,0.0,48,—,False,—,718,0.37047353760445684,1.1130398230088496,0.07116155988857938,1.0424537815126051,11,65.27272727272727,50.0,0.5
PULLBACK,100,0.0,18,—,False,—,824,0.3871359223300971,1.1094491560345991,0.06607766990291263,1.0185885391294933,11,74.9090909090909,21.0,0.75
SPIKE,50,3.0,12,BOTH,False,any,99,0.3939393939393939,1.1079333333333332,0.06541414141414137,0.9714999999999999,10,9.9,,
SPIKE,14,3.0,12,BOTH,False,any,99,0.3939393939393939,1.1079333333333332,0.06541414141414137,0.9714999999999999,10,9.9,,
SPIKE,21,3.0,12,BOTH,False,any,99,0.3939393939393939,1.1079333333333332,0.06541414141414137,0.9714999999999999,10,9.9,,
PULLBACK,50,0.0,48,—,True,—,734,0.37193460490463215,1.1060707851100864,0.06625204359673025,0.938203125,11,66.72727272727273,21.0,1.0
PULLBACK,50,0.0,18,—,False,—,824,0.3859223300970874,1.1046165025060668,0.06325121359223299,0.9283586303222116,11,74.9090909090909,21.0,1.0
PULLBACK,100,0.0,18,—,True,—,792,0.3888888888888889,1.1014624329814093,0.061241161616161596,0.8687034048113136,11,72.0,50.0,1.0
PULLBACK,100,0.0,48,—,True,—,695,0.376978417266187,1.100129358921253,0.06225755395683452,0.9586434782608695,11,63.18181818181818,21.0,0.75
PULLBACK,100,0.0,18,—,False,—,823,0.38153098420413123,1.0997707264299823,0.06107047387606319,1.1332431353051924,11,74.81818181818181,50.0,1.5
PULLBACK,50,0.0,18,—,False,—,824,0.3725728155339806,1.0995616104427146,0.061462378640776694,0.9890560269390106,11,74.9090909090909,21.0,1.5
PULLBACK,50,0.0,24,—,False,—,823,0.3827460510328068,1.098347903614746,0.05991251518833535,1.092827894473618,11,74.81818181818181,50.0,1.5
PULLBACK,100,0.0,24,—,True,—,778,0.38817480719794345,1.0975900841382014,0.058858611825192794,0.9079287354855176,11,70.72727272727273,50.0,1.0
SPIKE,21,2.5,36,BOTH,False,counter,64,0.359375,1.0959756097560978,0.06148437500000001,1.0941,10,6.4,,
PULLBACK,100,0.0,18,—,False,—,822,0.3844282238442822,1.0928985015334127,0.056271289537712904,1.2271614568206521,11,74.72727272727273,50.0,1.0
SPIKE,50,3.5,12,BOTH,False,any,41,0.36585365853658536,1.0871538461538461,0.05526829268292685,1.4995,9,4.555555555555555,,
SPIKE,14,3.5,12,BOTH,False,any,41,0.36585365853658536,1.0871538461538461,0.05526829268292685,1.4995,9,4.555555555555555,,
SPIKE,21,3.5,12,BOTH,False,any,41,0.36585365853658536,1.0871538461538461,0.05526829268292685,1.4995,9,4.555555555555555,,
SPIKE,21,2.5,18,BOTH,False,counter,65,0.35384615384615387,1.0865714285714287,0.05593846153846154,1.1271818181818183,10,6.5,,
SPIKE,21,2.5,48,BOTH,False,counter,64,0.359375,1.0844146341463416,0.054078125000000005,1.0941,10,6.4,,
PULLBACK,100,0.0,24,—,True,—,805,0.37888198757763975,1.0760300192923449,0.0467527950310559,0.9188003757348041,11,73.18181818181819,50.0,1.5
PULLBACK,100,0.0,36,—,False,—,811,0.374845869297164,1.0757056535382594,0.04718002466091246,1.1748629032258067,11,73.72727272727273,50.0,1.0
SPIKE,14,3.0,18,BOTH,False,any,99,0.3939393939393939,1.0747166666666665,0.045282828282828286,0.8329375,10,9.9,,
SPIKE,21,3.0,18,BOTH,False,any,99,0.3939393939393939,1.0747166666666665,0.045282828282828286,0.8329375,10,9.9,,
SPIKE,50,3.0,18,BOTH,False,any,99,0.3939393939393939,1.0747166666666665,0.045282828282828286,0.8329375,10,9.9,,
PULLBACK,50,0.0,36,—,False,—,823,0.370595382746051,1.0727876447876448,0.04581287970838397,0.9977058823529411,11,74.81818181818181,21.0,1.5
SPIKE,50,2.5,48,BUY,False,any,111,0.36036036036036034,1.0619154929577466,0.03960360360360361,0.9678235294117646,10,11.1,,
SPIKE,14,2.5,48,BUY,False,any,111,0.36036036036036034,1.0619154929577466,0.03960360360360361,0.9678235294117646,10,11.1,,
SPIKE,21,2.5,48,BUY,False,any,111,0.36036036036036034,1.0619154929577466,0.03960360360360361,0.9678235294117646,10,11.1,,
SPIKE,14,3.5,12,BUY,False,any,23,0.30434782608695654,1.057,0.03965217391304345,1.07525,9,2.5555555555555554,,
SPIKE,21,3.5,12,BUY,False,any,23,0.30434782608695654,1.057,0.03965217391304345,1.07525,9,2.5555555555555554,,
SPIKE,50,3.5,12,BUY,False,any,23,0.30434782608695654,1.057,0.03965217391304345,1.07525,9,2.5555555555555554,,
PULLBACK,100,0.0,24,—,False,—,824,0.36893203883495146,1.056380904580816,0.03544538834951454,1.2422519685039368,11,74.9090909090909,21.0,1.0
SPIKE,21,3.0,12,BOTH,True,any,60,0.38333333333333336,1.0536756756756755,0.03309999999999998,1.66975,10,6.0,,
SPIKE,50,3.0,12,BOTH,True,any,60,0.38333333333333336,1.0536756756756755,0.03309999999999998,1.66975,10,6.0,,
SPIKE,14,3.0,12,BOTH,True,any,60,0.38333333333333336,1.0536756756756755,0.03309999999999998,1.66975,10,6.0,,
SPIKE,50,3.5,24,SELL,False,any,21,0.42857142857142855,1.05325,0.03042857142857145,0.37225,7,3.0,,
SPIKE,14,3.5,24,SELL,False,any,21,0.42857142857142855,1.05325,0.03042857142857145,0.37225,7,3.0,,
SPIKE,21,3.5,24,SELL,False,any,21,0.42857142857142855,1.05325,0.03042857142857145,0.37225,7,3.0,,
PULLBACK,100,0.0,48,—,True,—,738,0.3712737127371274,1.0528344112780232,0.0331409214092141,0.9301475409836065,11,67.0909090909091,21.0,1.0
SPIKE,21,3.5,18,SELL,False,any,21,0.42857142857142855,1.05225,0.029857142857142877,0.36925,7,3.0,,
SPIKE,50,3.5,18,SELL,False,any,21,0.42857142857142855,1.05225,0.029857142857142877,0.36925,7,3.0,,
SPIKE,14,3.5,18,SELL,False,any,21,0.42857142857142855,1.05225,0.029857142857142877,0.36925,7,3.0,,
PULLBACK,100,0.0,36,—,False,—,823,0.37424058323207776,1.0507377132057274,0.031705953827460505,1.1060078125000001,11,74.81818181818181,21.0,1.0
SPIKE,50,2.5,24,BOTH,False,counter,86,0.3488372093023256,1.049392857142857,0.0321627906976744,1.0866923076923078,10,8.6,,
SPIKE,50,2.5,12,BOTH,False,counter,90,0.35555555555555557,1.0468247101574668,0.03006666666666664,1.2551124002900653,10,9.0,,
PULLBACK,100,0.0,48,—,False,—,823,0.3645200486026732,1.045054894557263,0.02859173754556501,1.2093951612903224,11,74.81818181818181,21.0,1.5
PULLBACK,100,0.0,48,—,False,—,821,0.364190012180268,1.044,0.027975639464068214,1.194086614173228,11,74.63636363636364,21.0,0.75
SPIKE,14,3.5,24,BOTH,False,any,41,0.36585365853658536,1.0435,0.027585365853658596,1.1656666666666669,9,4.555555555555555,,
SPIKE,21,3.5,24,BOTH,False,any,41,0.36585365853658536,1.0435,0.027585365853658596,1.1656666666666669,9,4.555555555555555,,
SPIKE,50,3.5,24,BOTH,False,any,41,0.36585365853658536,1.0435,0.027585365853658596,1.1656666666666669,9,4.555555555555555,,
SPIKE,50,3.5,24,BUY,False,any,23,0.30434782608695654,1.0434375,0.030217391304347817,0.804,9,2.5555555555555554,,
SPIKE,21,3.5,24,BUY,False,any,23,0.30434782608695654,1.0434375,0.030217391304347817,0.804,9,2.5555555555555554,,
SPIKE,14,3.5,24,BUY,False,any,23,0.30434782608695654,1.0434375,0.030217391304347817,0.804,9,2.5555555555555554,,
PULLBACK,100,0.0,36,—,False,—,819,0.3614163614163614,1.042378585086042,0.02706227106227107,1.0177703703703702,11,74.45454545454545,50.0,1.5
SPIKE,14,3.5,24,BOTH,True,any,28,0.35714285714285715,1.0415,0.02667857142857144,1.9436666666666669,8,3.5,,
SPIKE,21,3.5,24,BOTH,True,any,28,0.35714285714285715,1.0415,0.02667857142857144,1.9436666666666669,8,3.5,,
SPIKE,50,3.5,24,BOTH,True,any,28,0.35714285714285715,1.0415,0.02667857142857144,1.9436666666666669,8,3.5,,
SPIKE,14,2.5,36,BUY,False,any,113,0.35398230088495575,1.0410958904109588,0.0265486725663717,0.8195789473684211,10,11.3,,
SPIKE,21,2.5,36,BUY,False,any,113,0.35398230088495575,1.0410958904109588,0.0265486725663717,0.8195789473684211,10,11.3,,
SPIKE,50,2.5,36,BUY,False,any,113,0.35398230088495575,1.0410958904109588,0.0265486725663717,0.8195789473684211,10,11.3,,
PULLBACK,100,0.0,18,—,False,—,824,0.3725728155339806,1.036350635114588,0.022456310679611652,1.0182251680156789,11,74.9090909090909,21.0,1.0
SPIKE,50,2.5,48,BOTH,False,counter,86,0.3488372093023256,1.0352142857142856,0.02293023255813953,1.0566923076923078,10,8.6,,
SPIKE,50,3.0,48,BOTH,True,any,60,0.36666666666666664,1.0350263157894737,0.022183333333333326,1.131888888888889,10,6.0,,
SPIKE,21,3.0,48,BOTH,True,any,60,0.36666666666666664,1.0350263157894737,0.022183333333333326,1.131888888888889,10,6.0,,
SPIKE,14,3.0,48,BOTH,True,any,60,0.36666666666666664,1.0350263157894737,0.022183333333333326,1.131888888888889,10,6.0,,
SPIKE,50,2.5,18,BOTH,False,counter,89,0.34831460674157305,1.0344655172413793,0.022460674157303358,1.085357142857143,10,8.9,,
SPIKE,50,3.0,24,BOTH,True,any,60,0.38333333333333336,1.0332432432432435,0.020500000000000008,1.3141250000000002,10,6.0,,
SPIKE,21,3.0,24,BOTH,True,any,60,0.38333333333333336,1.0332432432432435,0.020500000000000008,1.3141250000000002,10,6.0,,
SPIKE,14,3.0,24,BOTH,True,any,60,0.38333333333333336,1.0332432432432435,0.020500000000000008,1.3141250000000002,10,6.0,,
SPIKE,21,2.5,48,BUY,True,any,65,0.35384615384615387,1.0322142857142855,0.02081538461538464,1.6426250000000002,10,6.5,,
SPIKE,50,2.5,48,BUY,True,any,65,0.35384615384615387,1.0322142857142855,0.02081538461538464,1.6426250000000002,10,6.5,,
SPIKE,14,2.5,48,BUY,True,any,65,0.35384615384615387,1.0322142857142855,0.02081538461538464,1.6426250000000002,10,6.5,,
SPIKE,50,3.0,36,BOTH,True,any,60,0.36666666666666664,1.0311052631578945,0.019700000000000006,1.131888888888889,10,6.0,,
SPIKE,14,3.0,36,BOTH,True,any,60,0.36666666666666664,1.0311052631578945,0.019700000000000006,1.131888888888889,10,6.0,,
SPIKE,21,3.0,36,BOTH,True,any,60,0.36666666666666664,1.0311052631578945,0.019700000000000006,1.131888888888889,10,6.0,,
SPIKE,50,2.5,36,BOTH,False,counter,86,0.3488372093023256,1.030392857142857,0.019790697674418635,1.0566923076923078,10,8.6,,
PULLBACK,100,0.0,24,—,False,—,824,0.3567961165048544,1.0284483152745394,0.018123786407766997,1.230648925866531,11,74.9090909090909,21.0,1.5
SPIKE,14,2.5,18,BUY,True,any,70,0.35714285714285715,1.025,0.016071428571428608,1.5854444444444447,10,7.0,,
SPIKE,21,2.5,18,BUY,True,any,70,0.35714285714285715,1.025,0.016071428571428608,1.5854444444444447,10,7.0,,
SPIKE,50,2.5,18,BUY,True,any,70,0.35714285714285715,1.025,0.016071428571428608,1.5854444444444447,10,7.0,,
PULLBACK,100,0.0,48,—,False,—,789,0.3548795944233207,1.0224759911959493,0.014430925221799742,1.0448540657912462,11,71.72727272727273,50.0,1.0
SPIKE,14,3.5,18,BOTH,False,any,41,0.36585365853658536,1.0205000000000002,0.01300000000000003,1.1636666666666668,9,4.555555555555555,,
SPIKE,21,3.5,18,BOTH,False,any,41,0.36585365853658536,1.0205000000000002,0.01300000000000003,1.1636666666666668,9,4.555555555555555,,
SPIKE,50,3.5,18,BOTH,False,any,41,0.36585365853658536,1.0205000000000002,0.01300000000000003,1.1636666666666668,9,4.555555555555555,,
SPIKE,21,3.5,48,BUY,False,any,23,0.30434782608695654,1.01925,0.01339130434782607,0.804,9,2.5555555555555554,,
SPIKE,14,3.5,48,BUY,False,any,23,0.30434782608695654,1.01925,0.01339130434782607,0.804,9,2.5555555555555554,,
SPIKE,50,3.5,48,BUY,False,any,23,0.30434782608695654,1.01925,0.01339130434782607,0.804,9,2.5555555555555554,,
SPIKE,50,2.5,36,BUY,True,any,66,0.3484848484848485,1.0177441860465115,0.011560606060606085,1.2993333333333332,10,6.6,,
SPIKE,14,2.5,36,BUY,True,any,66,0.3484848484848485,1.0177441860465115,0.011560606060606085,1.2993333333333332,10,6.6,,
SPIKE,21,2.5,36,BUY,True,any,66,0.3484848484848485,1.0177441860465115,0.011560606060606085,1.2993333333333332,10,6.6,,
SPIKE,21,3.5,18,BOTH,True,any,28,0.35714285714285715,1.0175555555555558,0.011285714285714277,1.9396666666666669,8,3.5,,
SPIKE,14,3.5,18,BOTH,True,any,28,0.35714285714285715,1.0175555555555558,0.011285714285714277,1.9396666666666669,8,3.5,,
SPIKE,50,3.5,18,BOTH,True,any,28,0.35714285714285715,1.0175555555555558,0.011285714285714277,1.9396666666666669,8,3.5,,
PULLBACK,100,0.0,36,—,False,—,823,0.3560145808019441,1.0163264150943396,0.010513973268529764,1.0024328358208954,11,74.81818181818181,21.0,1.5
SPIKE,21,2.5,18,BUY,False,any,120,0.35,1.015076923076923,0.009799999999999986,0.909578947368421,10,12.0,,
SPIKE,14,2.5,18,BUY,False,any,120,0.35,1.015076923076923,0.009799999999999986,0.909578947368421,10,12.0,,
SPIKE,50,2.5,18,BUY,False,any,120,0.35,1.015076923076923,0.009799999999999986,0.909578947368421,10,12.0,,
SPIKE,50,3.5,36,BUY,False,any,23,0.30434782608695654,1.0133125,0.009260869565217385,0.804,9,2.5555555555555554,,
SPIKE,21,3.5,36,BUY,False,any,23,0.30434782608695654,1.0133125,0.009260869565217385,0.804,9,2.5555555555555554,,
SPIKE,14,3.5,36,BUY,False,any,23,0.30434782608695654,1.0133125,0.009260869565217385,0.804,9,2.5555555555555554,,
PULLBACK,100,0.0,24,—,False,—,824,0.3592233009708738,1.0099414152932487,0.006305825242718449,1.0118946728964955,11,74.9090909090909,21.0,0.75
SPIKE,21,3.5,18,BUY,False,any,23,0.30434782608695654,1.0068124999999999,0.004739130434782579,0.804,9,2.5555555555555554,,
SPIKE,50,3.5,18,BUY,False,any,23,0.30434782608695654,1.0068124999999999,0.004739130434782579,0.804,9,2.5555555555555554,,
SPIKE,14,3.5,18,BUY,False,any,23,0.30434782608695654,1.0068124999999999,0.004739130434782579,0.804,9,2.5555555555555554,,
SPIKE,14,2.5,24,BUY,False,any,116,0.3448275862068966,0.9989342105263157,-0.000698275862068992,0.7558947368421054,10,11.6,,
SPIKE,50,2.5,24,BUY,False,any,116,0.3448275862068966,0.9989342105263157,-0.000698275862068992,0.7558947368421054,10,11.6,,
SPIKE,21,2.5,24,BUY,False,any,116,0.3448275862068966,0.9989342105263157,-0.000698275862068992,0.7558947368421054,10,11.6,,
SPIKE,14,2.5,12,SELL,False,counter,18,0.3333333333333333,0.9950833333333332,-0.003277777777777787,0.6745,6,3.0,,
SPIKE,50,3.0,18,BOTH,True,any,60,0.38333333333333336,0.9928648648648648,-0.004400000000000005,1.3926250000000002,10,6.0,,
SPIKE,14,3.0,18,BOTH,True,any,60,0.38333333333333336,0.9928648648648648,-0.004400000000000005,1.3926250000000002,10,6.0,,
SPIKE,21,3.0,18,BOTH,True,any,60,0.38333333333333336,0.9928648648648648,-0.004400000000000005,1.3926250000000002,10,6.0,,
PULLBACK,100,0.0,24,—,False,—,823,0.36087484811664644,0.9904478197489933,-0.0060352369380315945,1.1649204594607578,11,74.81818181818181,50.0,1.5
SPIKE,50,2.5,24,BUY,True,any,67,0.34328358208955223,0.9892499999999999,-0.007059701492537305,1.2993333333333332,10,6.7,,
SPIKE,14,2.5,24,BUY,True,any,67,0.34328358208955223,0.9892499999999999,-0.007059701492537305,1.2993333333333332,10,6.7,,
SPIKE,21,2.5,24,BUY,True,any,67,0.34328358208955223,0.9892499999999999,-0.007059701492537305,1.2993333333333332,10,6.7,,
SPIKE,14,3.5,36,BOTH,True,any,28,0.32142857142857145,0.9868947368421054,-0.008892857142857131,1.3762500000000002,8,3.5,,
SPIKE,21,3.5,36,BOTH,True,any,28,0.32142857142857145,0.9868947368421054,-0.008892857142857131,1.3762500000000002,8,3.5,,
SPIKE,50,3.5,36,BOTH,True,any,28,0.32142857142857145,0.9868947368421054,-0.008892857142857131,1.3762500000000002,8,3.5,,
SPIKE,14,2.5,12,BUY,False,any,121,0.35537190082644626,0.9828384111068263,-0.011033057851239706,1.0145022738756948,10,12.1,,
SPIKE,21,2.5,12,BUY,False,any,121,0.35537190082644626,0.9828384111068263,-0.011033057851239706,1.0145022738756948,10,12.1,,
SPIKE,50,2.5,12,BUY,False,any,121,0.35537190082644626,0.9828384111068263,-0.011033057851239706,1.0145022738756948,10,12.1,,
PULLBACK,100,0.0,18,—,False,—,824,0.35315533980582525,0.9810283992294637,-0.012071601941747568,0.9589784030293789,11,74.9090909090909,21.0,1.5
SPIKE,14,3.5,48,BOTH,False,any,41,0.34146341463414637,0.9784444444444446,-0.01419512195121951,0.9525714285714287,9,4.555555555555555,,
SPIKE,21,3.5,48,BOTH,False,any,41,0.34146341463414637,0.9784444444444446,-0.01419512195121951,0.9525714285714287,9,4.555555555555555,,
SPIKE,50,3.5,48,BOTH,False,any,41,0.34146341463414637,0.9784444444444446,-0.01419512195121951,0.9525714285714287,9,4.555555555555555,,
SPIKE,50,3.5,36,BOTH,False,any,41,0.34146341463414637,0.9749259259259261,-0.01651219512195119,0.9525714285714287,9,4.555555555555555,,
SPIKE,21,3.5,36,BOTH,False,any,41,0.34146341463414637,0.9749259259259261,-0.01651219512195119,0.9525714285714287,9,4.555555555555555,,
SPIKE,14,3.5,36,BOTH,False,any,41,0.34146341463414637,0.9749259259259261,-0.01651219512195119,0.9525714285714287,9,4.555555555555555,,
SPIKE,14,3.5,48,BOTH,True,any,28,0.32142857142857145,0.9723157894736842,-0.018785714285714277,1.3762500000000002,8,3.5,,
SPIKE,50,3.5,48,BOTH,True,any,28,0.32142857142857145,0.9723157894736842,-0.018785714285714277,1.3762500000000002,8,3.5,,
SPIKE,21,3.5,48,BOTH,True,any,28,0.32142857142857145,0.9723157894736842,-0.018785714285714277,1.3762500000000002,8,3.5,,
SPIKE,21,2.5,12,BUY,True,any,71,0.352112676056338,0.9629999999999999,-0.023971830985915498,1.8492222222222223,10,7.1,,
SPIKE,14,2.5,12,BUY,True,any,71,0.352112676056338,0.9629999999999999,-0.023971830985915498,1.8492222222222223,10,7.1,,
SPIKE,50,2.5,12,BUY,True,any,71,0.352112676056338,0.9629999999999999,-0.023971830985915498,1.8492222222222223,10,7.1,,
SPIKE,50,3.5,48,SELL,False,any,21,0.38095238095238093,0.947153846153846,-0.032714285714285696,0.2326,7,3.0,,
SPIKE,50,3.5,36,SELL,False,any,21,0.38095238095238093,0.947153846153846,-0.032714285714285696,0.2326,7,3.0,,
SPIKE,14,3.5,48,SELL,False,any,21,0.38095238095238093,0.947153846153846,-0.032714285714285696,0.2326,7,3.0,,
SPIKE,14,3.5,36,SELL,False,any,21,0.38095238095238093,0.947153846153846,-0.032714285714285696,0.2326,7,3.0,,
SPIKE,21,3.5,36,SELL,False,any,21,0.38095238095238093,0.947153846153846,-0.032714285714285696,0.2326,7,3.0,,
SPIKE,21,3.5,48,SELL,False,any,21,0.38095238095238093,0.947153846153846,-0.032714285714285696,0.2326,7,3.0,,
SPIKE,14,2.5,18,SELL,False,counter,18,0.3333333333333333,0.9299999999999998,-0.04666666666666666,0.59075,6,3.0,,
SPIKE,14,2.5,24,SELL,False,counter,18,0.3333333333333333,0.8943333333333333,-0.07044444444444443,0.48375,6,3.0,,
SPIKE,14,2.5,36,SELL,False,counter,18,0.3333333333333333,0.8618333333333332,-0.09211111111111109,0.38625,6,3.0,,
SPIKE,14,2.5,48,SELL,False,counter,18,0.3333333333333333,0.8618333333333332,-0.09211111111111109,0.38625,6,3.0,,
SPIKE,50,2.5,18,BOTH,True,any,114,0.32456140350877194,0.8270731931306825,-0.11562280701754386,0.9767222222222222,10,11.4,,
SPIKE,14,2.5,18,BOTH,True,any,114,0.32456140350877194,0.8270731931306825,-0.11562280701754386,0.9767222222222222,10,11.4,,
SPIKE,21,2.5,18,BOTH,True,any,114,0.32456140350877194,0.8270731931306825,-0.11562280701754386,0.9767222222222222,10,11.4,,
SPIKE,14,2.5,48,BOTH,False,any,178,0.3258426966292135,0.8249666666666666,-0.11800000000000002,0.8665714285714285,10,17.8,,
SPIKE,21,2.5,48,BOTH,False,any,178,0.3258426966292135,0.8249666666666666,-0.11800000000000002,0.8665714285714285,10,17.8,,
SPIKE,50,2.5,48,BOTH,False,any,178,0.3258426966292135,0.8249666666666666,-0.11800000000000002,0.8665714285714285,10,17.8,,
SPIKE,50,2.5,36,BOTH,False,any,184,0.32608695652173914,0.8203548387096774,-0.12106521739130437,0.8562068965517242,10,18.4,,
SPIKE,21,2.5,36,BOTH,False,any,184,0.32608695652173914,0.8203548387096774,-0.12106521739130437,0.8562068965517242,10,18.4,,
SPIKE,14,2.5,36,BOTH,False,any,184,0.32608695652173914,0.8203548387096774,-0.12106521739130437,0.8562068965517242,10,18.4,,
SPIKE,21,2.5,24,BOTH,False,any,190,0.3263157894736842,0.8077656249999999,-0.12950526315789473,0.8112,10,19.0,,
SPIKE,14,2.5,24,BOTH,False,any,190,0.3263157894736842,0.8077656249999999,-0.12950526315789473,0.8112,10,19.0,,
SPIKE,50,2.5,24,BOTH,False,any,190,0.3263157894736842,0.8077656249999999,-0.12950526315789473,0.8112,10,19.0,,
SPIKE,50,2.5,18,BOTH,False,any,197,0.3248730964467005,0.8077339040862784,-0.12904568527918783,0.849125,10,19.7,,
SPIKE,14,2.5,18,BOTH,False,any,197,0.3248730964467005,0.8077339040862784,-0.12904568527918783,0.849125,10,19.7,,
SPIKE,21,2.5,18,BOTH,False,any,197,0.3248730964467005,0.8077339040862784,-0.12904568527918783,0.849125,10,19.7,,
SPIKE,21,2.5,24,BOTH,True,any,110,0.3181818181818182,0.8035733333333334,-0.13392727272727273,0.9128235294117647,10,11.0,,
SPIKE,14,2.5,24,BOTH,True,any,110,0.3181818181818182,0.8035733333333334,-0.13392727272727273,0.9128235294117647,10,11.0,,
SPIKE,50,2.5,24,BOTH,True,any,110,0.3181818181818182,0.8035733333333334,-0.13392727272727273,0.9128235294117647,10,11.0,,
SPIKE,21,2.5,12,BOTH,False,any,198,0.3333333333333333,0.7999468851961454,-0.13315656565656567,0.9937716262975779,10,19.8,,
SPIKE,14,2.5,12,BOTH,False,any,198,0.3333333333333333,0.7999468851961454,-0.13315656565656567,0.9937716262975779,10,19.8,,
SPIKE,50,2.5,12,BOTH,False,any,198,0.3333333333333333,0.7999468851961454,-0.13315656565656567,0.9937716262975779,10,19.8,,
SPIKE,50,2.5,12,BOTH,True,any,115,0.33043478260869563,0.7975714285714285,-0.13553913043478263,1.160277777777778,10,11.5,,
SPIKE,14,2.5,12,BOTH,True,any,115,0.33043478260869563,0.7975714285714285,-0.13553913043478263,1.160277777777778,10,11.5,,
SPIKE,21,2.5,12,BOTH,True,any,115,0.33043478260869563,0.7975714285714285,-0.13553913043478263,1.160277777777778,10,11.5,,
SPIKE,14,2.5,36,BOTH,True,any,109,0.3119266055045872,0.7919333333333333,-0.14316513761467886,0.844,10,10.9,,
SPIKE,50,2.5,36,BOTH,True,any,109,0.3119266055045872,0.7919333333333333,-0.14316513761467886,0.844,10,10.9,,
SPIKE,21,2.5,36,BOTH,True,any,109,0.3119266055045872,0.7919333333333333,-0.14316513761467886,0.844,10,10.9,,
SPIKE,21,2.5,48,BOTH,True,any,107,0.308411214953271,0.7864189189189188,-0.14771028037383177,0.8936470588235295,10,10.7,,
SPIKE,50,2.5,48,BOTH,True,any,107,0.308411214953271,0.7864189189189188,-0.14771028037383177,0.8936470588235295,10,10.7,,
SPIKE,14,2.5,48,BOTH,True,any,107,0.308411214953271,0.7864189189189188,-0.14771028037383177,0.8936470588235295,10,10.7,,
SPIKE,50,3.0,12,SELL,False,any,41,0.36585365853658536,0.7812307692307693,-0.13873170731707316,0.45199999999999996,9,4.555555555555555,,
SPIKE,14,3.0,12,SELL,False,any,41,0.36585365853658536,0.7812307692307693,-0.13873170731707316,0.45199999999999996,9,4.555555555555555,,
SPIKE,21,3.0,12,SELL,False,any,41,0.36585365853658536,0.7812307692307693,-0.13873170731707316,0.45199999999999996,9,4.555555555555555,,
SPIKE,21,3.0,24,SELL,False,any,41,0.36585365853658536,0.7320769230769231,-0.16990243902439023,0.33725,9,4.555555555555555,,
SPIKE,14,3.0,24,SELL,False,any,41,0.36585365853658536,0.7320769230769231,-0.16990243902439023,0.33725,9,4.555555555555555,,
SPIKE,50,3.0,24,SELL,False,any,41,0.36585365853658536,0.7320769230769231,-0.16990243902439023,0.33725,9,4.555555555555555,,
SPIKE,14,3.0,18,SELL,False,any,41,0.36585365853658536,0.7316153846153846,-0.1701951219512195,0.33575,9,4.555555555555555,,
SPIKE,50,3.0,18,SELL,False,any,41,0.36585365853658536,0.7316153846153846,-0.1701951219512195,0.33575,9,4.555555555555555,,
SPIKE,21,3.0,18,SELL,False,any,41,0.36585365853658536,0.7316153846153846,-0.1701951219512195,0.33575,9,4.555555555555555,,
SPIKE,14,3.0,48,SELL,False,any,40,0.35,0.7195384615384615,-0.18229999999999996,0.2965,9,4.444444444444445,,
SPIKE,14,3.0,36,SELL,False,any,40,0.35,0.7195384615384615,-0.18229999999999996,0.2965,9,4.444444444444445,,
SPIKE,21,3.0,36,SELL,False,any,40,0.35,0.7195384615384615,-0.18229999999999996,0.2965,9,4.444444444444445,,
SPIKE,21,3.0,48,SELL,False,any,40,0.35,0.7195384615384615,-0.18229999999999996,0.2965,9,4.444444444444445,,
SPIKE,50,3.0,48,SELL,False,any,40,0.35,0.7195384615384615,-0.18229999999999996,0.2965,9,4.444444444444445,,
SPIKE,50,3.0,36,SELL,False,any,40,0.35,0.7195384615384615,-0.18229999999999996,0.2965,9,4.444444444444445,,
SPIKE,21,3.5,12,SELL,True,any,16,0.3125,0.7106363636363636,-0.1989375,0.0,7,2.2857142857142856,,
SPIKE,50,3.5,12,SELL,True,any,16,0.3125,0.7106363636363636,-0.1989375,0.0,7,2.2857142857142856,,
SPIKE,14,3.5,12,SELL,True,any,16,0.3125,0.7106363636363636,-0.1989375,0.0,7,2.2857142857142856,,
SPIKE,21,2.5,12,SELL,False,counter,24,0.25,0.6633888888888888,-0.2524583333333333,0.5396,7,3.4285714285714284,,
SPIKE,50,3.0,12,SELL,True,any,25,0.32,0.6415882352941177,-0.24372,1.1855,9,2.7777777777777777,,
SPIKE,14,3.0,12,SELL,True,any,25,0.32,0.6415882352941177,-0.24372,1.1855,9,2.7777777777777777,,
SPIKE,21,3.0,12,SELL,True,any,25,0.32,0.6415882352941177,-0.24372,1.1855,9,2.7777777777777777,,
SPIKE,21,2.5,24,SELL,False,counter,23,0.2608695652173913,0.6312941176470588,-0.27252173913043476,0.387,7,3.2857142857142856,,
SPIKE,21,3.5,24,SELL,True,any,16,0.3125,0.6271818181818182,-0.2563125,0.0,7,2.2857142857142856,,
SPIKE,50,3.5,24,SELL,True,any,16,0.3125,0.6271818181818182,-0.2563125,0.0,7,2.2857142857142856,,
SPIKE,14,3.5,24,SELL,True,any,16,0.3125,0.6271818181818182,-0.2563125,0.0,7,2.2857142857142856,,
SPIKE,50,3.5,18,SELL,True,any,16,0.3125,0.6260909090909091,-0.25706249999999997,0.0,7,2.2857142857142856,,
SPIKE,14,3.5,18,SELL,True,any,16,0.3125,0.6260909090909091,-0.25706249999999997,0.0,7,2.2857142857142856,,
SPIKE,21,3.5,18,SELL,True,any,16,0.3125,0.6260909090909091,-0.25706249999999997,0.0,7,2.2857142857142856,,
SPIKE,21,2.5,18,SELL,False,counter,24,0.25,0.6199999999999999,-0.285,0.4726,7,3.4285714285714284,,
SPIKE,21,2.5,48,SELL,False,counter,23,0.2608695652173913,0.6083529411764705,-0.2894782608695652,0.309,7,3.2857142857142856,,
SPIKE,21,2.5,36,SELL,False,counter,23,0.2608695652173913,0.6083529411764705,-0.2894782608695652,0.309,7,3.2857142857142856,,
SPIKE,14,2.5,12,SELL,True,any,46,0.30434782608695654,0.6036874999999999,-0.27569565217391306,0.5268888888888889,10,4.6,,
SPIKE,21,2.5,12,SELL,True,any,46,0.30434782608695654,0.6036874999999999,-0.27569565217391306,0.5268888888888889,10,4.6,,
SPIKE,50,2.5,12,SELL,True,any,46,0.30434782608695654,0.6036874999999999,-0.27569565217391306,0.5268888888888889,10,4.6,,
SPIKE,50,2.5,18,SELL,True,any,46,0.2826086956521739,0.5933649877416751,-0.2848478260869566,0.4235555555555556,10,4.6,,
SPIKE,21,2.5,18,SELL,True,any,46,0.2826086956521739,0.5933649877416751,-0.2848478260869566,0.4235555555555556,10,4.6,,
SPIKE,14,2.5,18,SELL,True,any,46,0.2826086956521739,0.5933649877416751,-0.2848478260869566,0.4235555555555556,10,4.6,,
SPIKE,50,3.0,24,SELL,True,any,25,0.32,0.5875882352941177,-0.28044,0.9560000000000001,9,2.7777777777777777,,
SPIKE,14,3.0,24,SELL,True,any,25,0.32,0.5875882352941177,-0.28044,0.9560000000000001,9,2.7777777777777777,,
SPIKE,21,3.0,24,SELL,True,any,25,0.32,0.5875882352941177,-0.28044,0.9560000000000001,9,2.7777777777777777,,
SPIKE,21,3.0,18,SELL,True,any,25,0.32,0.5868823529411765,-0.28092,0.9530000000000001,9,2.7777777777777777,,
SPIKE,14,3.0,18,SELL,True,any,25,0.32,0.5868823529411765,-0.28092,0.9530000000000001,9,2.7777777777777777,,
SPIKE,50,3.0,18,SELL,True,any,25,0.32,0.5868823529411765,-0.28092,0.9530000000000001,9,2.7777777777777777,,
SPIKE,50,2.5,12,SELL,False,any,83,0.30120481927710846,0.5843448275862069,-0.29045783132530123,0.5660000000000001,10,8.3,,
SPIKE,21,2.5,12,SELL,False,any,83,0.30120481927710846,0.5843448275862069,-0.29045783132530123,0.5660000000000001,10,8.3,,
SPIKE,14,2.5,12,SELL,False,any,83,0.30120481927710846,0.5843448275862069,-0.29045783132530123,0.5660000000000001,10,8.3,,
SPIKE,50,2.5,24,SELL,True,any,46,0.2826086956521739,0.574060606060606,-0.3055652173913044,0.4248888888888889,10,4.6,,
SPIKE,21,2.5,24,SELL,True,any,46,0.2826086956521739,0.574060606060606,-0.3055652173913044,0.4248888888888889,10,4.6,,
SPIKE,14,2.5,24,SELL,True,any,46,0.2826086956521739,0.574060606060606,-0.3055652173913044,0.4248888888888889,10,4.6,,
SPIKE,21,2.5,18,SELL,False,any,83,0.2891566265060241,0.5591089432011406,-0.30927710843373496,0.4816666666666667,10,8.3,,
SPIKE,14,2.5,18,SELL,False,any,83,0.2891566265060241,0.5591089432011406,-0.30927710843373496,0.4816666666666667,10,8.3,,
SPIKE,50,2.5,18,SELL,False,any,83,0.2891566265060241,0.5591089432011406,-0.30927710843373496,0.4816666666666667,10,8.3,,
SPIKE,21,2.5,24,SELL,False,any,82,0.2926829268292683,0.5508448275862069,-0.3176951219512195,0.45393333333333336,10,8.2,,
SPIKE,50,2.5,24,SELL,False,any,82,0.2926829268292683,0.5508448275862069,-0.3176951219512195,0.45393333333333336,10,8.2,,
SPIKE,14,2.5,24,SELL,False,any,82,0.2926829268292683,0.5508448275862069,-0.3176951219512195,0.45393333333333336,10,8.2,,
SPIKE,14,3.5,36,SELL,True,any,16,0.25,0.5477500000000001,-0.3391875,0.0,7,2.2857142857142856,,
SPIKE,50,3.5,36,SELL,True,any,16,0.25,0.5477500000000001,-0.3391875,0.0,7,2.2857142857142856,,
SPIKE,14,3.5,48,SELL,True,any,16,0.25,0.5477500000000001,-0.3391875,0.0,7,2.2857142857142856,,
SPIKE,21,3.5,48,SELL,True,any,16,0.25,0.5477500000000001,-0.3391875,0.0,7,2.2857142857142856,,
SPIKE,21,3.5,36,SELL,True,any,16,0.25,0.5477500000000001,-0.3391875,0.0,7,2.2857142857142856,,
SPIKE,50,3.5,48,SELL,True,any,16,0.25,0.5477500000000001,-0.3391875,0.0,7,2.2857142857142856,,
SPIKE,21,3.0,36,SELL,True,any,25,0.28,0.5368333333333334,-0.33348,0.6996,9,2.7777777777777777,,
SPIKE,50,3.0,48,SELL,True,any,25,0.28,0.5368333333333334,-0.33348,0.6996,9,2.7777777777777777,,
SPIKE,50,3.0,36,SELL,True,any,25,0.28,0.5368333333333334,-0.33348,0.6996,9,2.7777777777777777,,
SPIKE,14,3.0,36,SELL,True,any,25,0.28,0.5368333333333334,-0.33348,0.6996,9,2.7777777777777777,,
SPIKE,21,3.0,48,SELL,True,any,25,0.28,0.5368333333333334,-0.33348,0.6996,9,2.7777777777777777,,
SPIKE,14,3.0,48,SELL,True,any,25,0.28,0.5368333333333334,-0.33348,0.6996,9,2.7777777777777777,,
SPIKE,50,2.5,36,SELL,False,any,81,0.2839506172839506,0.525,-0.3401234567901234,0.5588,10,8.1,,
SPIKE,14,2.5,36,SELL,False,any,81,0.2839506172839506,0.525,-0.3401234567901234,0.5588,10,8.1,,
SPIKE,14,2.5,48,SELL,False,any,81,0.2839506172839506,0.525,-0.3401234567901234,0.5588,10,8.1,,
SPIKE,21,2.5,36,SELL,False,any,81,0.2839506172839506,0.525,-0.3401234567901234,0.5588,10,8.1,,
SPIKE,21,2.5,48,SELL,False,any,81,0.2839506172839506,0.525,-0.3401234567901234,0.5588,10,8.1,,
SPIKE,50,2.5,48,SELL,False,any,81,0.2839506172839506,0.525,-0.3401234567901234,0.5588,10,8.1,,
SPIKE,21,2.5,48,SELL,True,any,46,0.2608695652173913,0.5245588235294116,-0.35141304347826086,0.3498,10,4.6,,
SPIKE,50,2.5,48,SELL,True,any,46,0.2608695652173913,0.5245588235294116,-0.35141304347826086,0.3498,10,4.6,,
SPIKE,50,2.5,36,SELL,True,any,46,0.2608695652173913,0.5245588235294116,-0.35141304347826086,0.3498,10,4.6,,
SPIKE,14,2.5,48,SELL,True,any,46,0.2608695652173913,0.5245588235294116,-0.35141304347826086,0.3498,10,4.6,,
SPIKE,21,2.5,36,SELL,True,any,46,0.2608695652173913,0.5245588235294116,-0.35141304347826086,0.3498,10,4.6,,
SPIKE,14,2.5,36,SELL,True,any,46,0.2608695652173913,0.5245588235294116,-0.35141304347826086,0.3498,10,4.6,,
SPIKE,50,2.5,12,SELL,False,counter,27,0.2222222222222222,0.4481428571428571,-0.4292222222222222,0.19383333333333333,8,3.375,,
SPIKE,50,2.5,18,SELL,False,counter,27,0.2222222222222222,0.410952380952381,-0.4581481481481482,0.19383333333333333,8,3.375,,
SPIKE,50,2.5,24,SELL,False,counter,26,0.23076923076923078,0.4101,-0.45376923076923076,0.6195999999999999,8,3.25,,
SPIKE,50,2.5,36,SELL,False,counter,26,0.23076923076923078,0.3906,-0.46876923076923077,0.5416000000000001,8,3.25,,
SPIKE,50,2.5,48,SELL,False,counter,26,0.23076923076923078,0.3906,-0.46876923076923077,0.5416000000000001,8,3.25,,
